<?xml version="1.0" encoding="utf-8"?>
<!-- $Revision: $ -->

<refentry xml:id="zbarcodeimage.construct" xmlns="http://docbook.org/ns/docbook" xmlns:xlink="http://www.w3.org/1999/xlink">
 <refnamediv>
  <refname>ZBarCodeImage::__construct</refname>
  <refpurpose>Construct a new image object</refpurpose>
 </refnamediv>

 <refsect1 role="description">
  &reftitle.description;
  <methodsynopsis>
   <methodname>ZBarCodeImage::__construct</methodname>
   <methodparam choice="opt"><type>string</type><parameter>filename</parameter></methodparam>
   <methodparam choice="opt"><type>integer</type><parameter>enhance</parameter></methodparam>
  </methodsynopsis>
  <para>
   The constructor for the ZBarCodeImage class.
  </para>
 </refsect1>

 <refsect1 role="parameters">
  &reftitle.parameters;
  <para>
   <variablelist>
    <varlistentry>
     <term><parameter>filename</parameter></term>
     <listitem>
      <para>
       Optional filename. If filename is not empty the image is read
      </para>
     </listitem>
    </varlistentry>
    <varlistentry>
     <term><parameter>enhance</parameter></term>
     <listitem>
      <para>
       Bitmask of <constant>ZBarCode::OPT_*</constant> constants.
       Usually specifying <constant>ZBarCode::OPT_RESOLUTION</constant> improves results with PDFs.
      </para>
     </listitem>
    </varlistentry>
   </variablelist>
  </para>
 </refsect1>

 <refsect1 role="returnvalues">
  &reftitle.returnvalues;
  <para>
   If filename is set and reading of the image fails throws ZBarCodeException.
  </para>
 </refsect1>

 <refsect1 role="examples">
  &reftitle.examples;
  <para>
   <example>
    <title><methodname>ZBarCodeImage::__construct</methodname> example</title>
    <programlisting role="php">
<![CDATA[
<?php
$image = ZBarCodeImage("utility_bill.pdf", ZBarCode::OPT_RESOLUTION | ZBarCode::OPT_ENHANCE);

/* Work with $image.. */
?>
]]>
    </programlisting>
   </example>
  </para>
 </refsect1>

 <refsect1 role="seealso">
  &reftitle.seealso;
  <para>
   <simplelist>
    <member><methodname>ZBarCodeScanner::scan</methodname></member>
   </simplelist>
  </para>
 </refsect1>

</refentry>

<!-- Keep this comment at the end of the file
Local variables:
mode: sgml
sgml-omittag:t
sgml-shorttag:t
sgml-minimize-attributes:nil
sgml-always-quote-attributes:t
sgml-indent-step:1
sgml-indent-data:t
indent-tabs-mode:nil
sgml-parent-document:nil
sgml-default-dtd-file:"../../../../manual.ced"
sgml-exposed-tags:nil
sgml-local-catalogs:nil
sgml-local-ecat-files:nil
End:
vim600: syn=xml fen fdm=syntax fdl=2 si
vim: et tw=78 syn=sgml
vi: ts=1 sw=1
-->
