<?xml version="1.0" encoding="utf-8"?>
<!-- $Revision: $ -->

<refentry xml:id="zbarcodeimage.count" xmlns="http://docbook.org/ns/docbook" xmlns:xlink="http://www.w3.org/1999/xlink">
 <refnamediv>
  <refname>ZBarCodeImage::count</refname>
  <refpurpose>Count the pages</refpurpose>
 </refnamediv>

 <refsect1 role="description">
  &reftitle.description;
  <methodsynopsis>
   <modifier>public</modifier> <type>integer</type><methodname>ZBarCodeImage::count</methodname>
   <void />
  </methodsynopsis>
  <para>
   Counts the number of pages in the object
  </para>
 </refsect1>

 <refsect1 role="returnvalues">
  &reftitle.returnvalues;
  <para>
   Returns an integer representing the number of pages in the object.
  </para>
 </refsect1>

 <refsect1 role="examples">
  &reftitle.examples;
  <para>
   <example>
    <title><methodname>ZBarCodeImage::count</methodname> example</title>
    <programlisting role="php">
<![CDATA[
<?php
$image = ZBarCodeImage();
$image->read("page1.jpg");

echo "Pages: " . $image->count() . "\n";
$image->read("page1.jpg");

echo "Pages: " . $image->count() . "\n";

/* Scan the second page */
$scanner = new ZBarCodeScanner();
$barcodes = $scanner->scan($image, 2);
?>
]]>
    </programlisting>
    &example.outputs.similar;
    <screen>
<![CDATA[
Pages: 1
Pages: 2
]]>
    </screen>
   </example>
  </para>
 </refsect1>

 <refsect1 role="seealso">
  &reftitle.seealso;
  <para>
   <simplelist>
    <member><methodname>ZBarCodeImage::read</methodname></member>
   </simplelist>
  </para>
 </refsect1>

</refentry>

<!-- Keep this comment at the end of the file
Local variables:
mode: sgml
sgml-omittag:t
sgml-shorttag:t
sgml-minimize-attributes:nil
sgml-always-quote-attributes:t
sgml-indent-step:1
sgml-indent-data:t
indent-tabs-mode:nil
sgml-parent-document:nil
sgml-default-dtd-file:"../../../../manual.ced"
sgml-exposed-tags:nil
sgml-local-catalogs:nil
sgml-local-ecat-files:nil
End:
vim600: syn=xml fen fdm=syntax fdl=2 si
vim: et tw=78 syn=sgml
vi: ts=1 sw=1
-->
