<?xml version='1.0' encoding='utf-8'?>
<!-- $Revision: $ -->
<!--
  Do NOT translate this file
-->

<versions>
  <!-- Methods -->
 <function name='zbarcodeexception::__clone' from='PHP 5 &gt;= 0.1.0'/>
 <function name='zbarcodeexception::__construct' from='PHP 5 &gt;= 0.1.0'/>
 <function name='zbarcodeexception::getmessage' from='PHP 5 &gt;= 0.1.0'/>
 <function name='zbarcodeexception::getcode' from='PHP 5 &gt;= 0.1.0'/>
 <function name='zbarcodeexception::getfile' from='PHP 5 &gt;= 0.1.0'/>
 <function name='zbarcodeexception::getline' from='PHP 5 &gt;= 0.1.0'/>
 <function name='zbarcodeexception::gettrace' from='PHP 5 &gt;= 0.1.0'/>
 <function name='zbarcodeexception::gettraceasstring' from='PHP 5 &gt;= 0.1.0'/>
 <function name='zbarcodeexception::__tostring' from='PHP 5 &gt;= 0.1.0'/>
 <function name='zbarcodeimage::__construct' from='PHP 5 &gt;= 0.1.0'/>
 <function name='zbarcodeimage::read' from='PHP 5 &gt;= 0.1.0'/>
 <function name='zbarcodeimage::count' from='PHP 5 &gt;= 0.1.0'/>
 <function name='zbarcodeimage::clear' from='PHP 5 &gt;= 0.1.0'/>
 <function name='zbarcodescanner::scan' from='PHP 5 &gt;= 0.1.0'/>
 <function name='zbarcodescanner::setconfig' from='PHP 5 &gt;= 0.1.0'/>
</versions>

<!-- Keep this comment at the end of the file
Local variables:
mode: sgml
sgml-omittag:t
sgml-shorttag:t
sgml-minimize-attributes:nil
sgml-always-quote-attributes:t
sgml-indent-step:1
sgml-indent-data:t
indent-tabs-mode:nil
sgml-parent-document:nil
sgml-default-dtd-file:"../../../manual.ced"
sgml-exposed-tags:nil
sgml-local-catalogs:nil
sgml-local-ecat-files:nil
End:
vim600: syn=xml fen fdm=syntax fdl=2 si
vim: et tw=78 syn=sgml
vi: ts=1 sw=1
-->
