<?xml version="1.0" encoding="utf-8"?>
<!-- $Revision: $ -->

<phpdoc:classref xml:id="class.zbarcodeexception" xmlns:phpdoc="http://php.net/ns/phpdoc" xmlns="http://docbook.org/ns/docbook" xmlns:xlink="http://www.w3.org/1999/xlink" xmlns:xi="http://www.w3.org/2001/XInclude">

 <title>The zbarcodeexception class</title>
 <titleabbrev>zbarcodeexception</titleabbrev>

 <partintro>

<!-- {{{ zbarcodeexception intro -->
  <section xml:id="zbarcodeexception.intro">
   &reftitle.intro;
   <para>
    The class used in exceptions.
   </para>
  </section>
<!-- }}} -->

  <section xml:id="zbarcodeexception.synopsis">
   &reftitle.classsynopsis;

<!-- {{{ Synopsis -->
   <classsynopsis>
    <ooclass><classname>zbarcodeexception</classname></ooclass>

<!-- {{{ Class synopsis -->
    <classsynopsisinfo>
     <ooclass>
      <classname>zbarcodeexception</classname>
     </ooclass>
     
     <ooclass>
      <modifier>extends</modifier>
      <classname>Exception</classname>
     </ooclass>
    </classsynopsisinfo>
<!-- }}} -->
    <classsynopsisinfo role="comment">Properties</classsynopsisinfo>

    
    <classsynopsisinfo role="comment">Methods</classsynopsisinfo>
    <xi:include xpointer="xmlns(db=http://docbook.org/ns/docbook) xpointer(id('class.zbarcodeexception')/db:refentry/db:refsect1[@role='description']/descendant::db:methodsynopsis[1])" />
    
    <classsynopsisinfo role="comment">Inherited methods</classsynopsisinfo>
    <xi:include xpointer="xmlns(db=http://docbook.org/ns/docbook) xpointer(id('class.exception')/db:refentry/db:refsect1[@role='description']/descendant::db:methodsynopsis[1])" />

   </classsynopsis>
<!-- }}} -->

  </section>

  
<!-- {{{ zbarcodeexception properties -->
  <section xml:id="zbarcodeexception.props">
   &reftitle.properties;
   <variablelist>
    <varlistentry xml:id="zbarcodeexception.props.message">
     <term><varname>message</varname></term>
     <listitem>
      <para>Exception message</para>
     </listitem>
    </varlistentry>
    <varlistentry xml:id="zbarcodeexception.props.code">
     <term><varname>code</varname></term>
     <listitem>
      <para>Exception code</para>
     </listitem>
    </varlistentry>
    <varlistentry xml:id="zbarcodeexception.props.file">
     <term><varname>file</varname></term>
     <listitem>
      <para>Filename</para>
     </listitem>
    </varlistentry>
    <varlistentry xml:id="zbarcodeexception.props.line">
     <term><varname>line</varname></term>
     <listitem>
      <para>Line</para>
     </listitem>
    </varlistentry>
   </variablelist>
  </section>
<!-- }}} -->


 </partintro>

 &reference.zbarcode.entities.zbarcodeexception;

</phpdoc:classref>

<!-- Keep this comment at the end of the file
Local variables:
mode: sgml
sgml-omittag:t
sgml-shorttag:t
sgml-minimize-attributes:nil
sgml-always-quote-attributes:t
sgml-indent-step:1
sgml-indent-data:t
indent-tabs-mode:nil
sgml-parent-document:nil
sgml-default-dtd-file:"manual.ced"
sgml-exposed-tags:nil
sgml-local-catalogs:nil
sgml-local-ecat-files:nil
End:
vim600: syn=xml fen fdm=syntax fdl=2 si
vim: et tw=78 syn=sgml
vi: ts=1 sw=1
-->
