<?xml version="1.0" encoding="utf-8"?>
<!-- $Revision: $ -->

<phpdoc:classref xml:id="class.zbarcodeimage" xmlns:phpdoc="http://php.net/ns/phpdoc" xmlns="http://docbook.org/ns/docbook" xmlns:xlink="http://www.w3.org/1999/xlink" xmlns:xi="http://www.w3.org/2001/XInclude">

 <title>The ZBarCodeImage class</title>
 <titleabbrev>ZBarCodeImage</titleabbrev>

 <partintro>

<!-- {{{ zbarcodeimage intro -->
  <section xml:id="zbarcodeimage.intro">
   &reftitle.intro;
   <para>
    This class represents image from which to read the barcode. Each object contains 
    single image which can be passed to the scanner.
   </para>
  </section>
<!-- }}} -->

  <section xml:id="zbarcodeimage.synopsis">
   &reftitle.classsynopsis;

<!-- {{{ Synopsis -->
   <classsynopsis>
    <ooclass><classname>ZBarCodeImage</classname></ooclass>

<!-- {{{ Class synopsis -->
    <classsynopsisinfo>
     <ooclass>
      <classname>ZBarCodeImage</classname>
     </ooclass>
    </classsynopsisinfo>
<!-- }}} -->
    
    <classsynopsisinfo role="comment">Methods</classsynopsisinfo>
    <xi:include xpointer="xmlns(db=http://docbook.org/ns/docbook) xpointer(id('class.zbarcodeimage')/db:refentry/db:refsect1[@role='description']/descendant::db:methodsynopsis[1])" />
   </classsynopsis>
<!-- }}} -->

  </section>

 </partintro>

 &reference.zbarcode.entities.zbarcodeimage;

</phpdoc:classref>

<!-- Keep this comment at the end of the file
Local variables:
mode: sgml
sgml-omittag:t
sgml-shorttag:t
sgml-minimize-attributes:nil
sgml-always-quote-attributes:t
sgml-indent-step:1
sgml-indent-data:t
indent-tabs-mode:nil
sgml-parent-document:nil
sgml-default-dtd-file:"manual.ced"
sgml-exposed-tags:nil
sgml-local-catalogs:nil
sgml-local-ecat-files:nil
End:
vim600: syn=xml fen fdm=syntax fdl=2 si
vim: et tw=78 syn=sgml
vi: ts=1 sw=1
-->
